{
  "friends": [
    {
      "accountId": "Ali-A",
      "groups": [],
      "mutual": 0,
      "alias": "",
      "note": "",
      "favorite": false,
      "created": "2000-04-08T12:32:42.069Z"
    },
    {
      "accountId": "Formula",
      "groups": [],
      "mutual": 0,
      "alias": "",
      "note": "",
      "favorite": false,
      "created": "2000-04-08T12:32:42.069Z"
    },
    {
      "accountId": "OllieFN#0001",
      "groups": [],
      "mutual": 0,
      "alias": "",
      "note": "",
      "favorite": false,
      "created": "2000-04-08T12:32:42.069Z"
    },
    {
      "accountId": "TFUE",
      "groups": [],
      "mutual": 0,
      "alias": "",
      "note": "",
      "favorite": false,
      "created": "2000-04-08T12:32:42.069Z"
    },
    {
      "accountId": "Daddy Cream",
      "groups": [],
      "mutual": 0,
      "alias": "",
      "note": "",
      "favorite": false,
      "created": "2000-04-08T12:32:42.069Z"
    },
    {
      "accountId": "DAKOTAZ",
      "groups": [],
      "mutual": 0,
      "alias": "",
      "note": "",
      "favorite": false,
      "created": "2000-04-08T12:32:42.069Z"
    },
    {
      "accountId": "SYPHERPK",
      "groups": [],
      "mutual": 0,
      "alias": "",
      "note": "",
      "favorite": false,
      "created": "2000-04-08T12:32:42.069Z"
    }
  ],
  "incoming": [],
  "outgoing": [
    {
      "accountId": "NICKEH30",
      "favorite": false
    }
  ],
  "suggested": [],
  "blocklist" : [],
  "settings": {
    "acceptInvites": "public"
  }
}
