[ {
  "accountId" : "Ali-A",
  "status" : "ACCEPTED",
  "direction" : "OUTBOUND",
  "created" : "2000-05-11T15:53:53.072Z",
  "favorite" : false
  },
  {
  "accountId" : "OllieFN#0001",
  "status" : "ACCEPTED",
  "direction" : "OUTBOUND",
  "created" : "2000-04-08T12:32:42.069Z",
  "favorite" : false
  },
  {
  "accountId" : "OllieFN#0001",
  "status" : "ACCEPTED",
  "direction" : "OUTBOUND",
  "created" : "2000-04-08T12:32:42.069Z",
  "favorite" : false
  },
  {
  "accountId" : "TFUE",
  "status" : "ACCEPTED",
  "direction" : "OUTBOUND",
  "created" : "2000-04-08T12:32:42.069Z",
  "favorite" : false
  },
  {
  "accountId" : "DADDY CREAM",
  "status" : "ACCEPTED",
  "direction" : "OUTBOUND",
  "created" : "2000-04-08T12:32:42.069Z",
  "favorite" : false
  },
  {
  "accountId" : "FORMULA",
  "status" : "ACCEPTED",
  "direction" : "OUTBOUND",
  "created" : "2000-04-08T12:32:42.069Z",
  "favorite" : false
  },
  {
  "accountId" : "SYPHERPK",
  "status" : "ACCEPTED",
  "direction" : "OUTBOUND",
  "created" : "2000-04-08T12:32:42.069Z",
  "favorite" : false
  },
  {
  "accountId" : "NICKEH30",
  "status" : "PENDING",
  "direction" : "OUTBOUND",
  "created" : "2000-04-08T12:32:42.069Z",
  "favorite" : false
  }
]
